{
    "uvs":[],
    "metadata":{
        "version":3,
        "uvs":0,
        "normals":7,
        "morphTargets":0,
        "vertices":12,
        "faces":7,
        "type":"Geometry",
        "generator":"io_three"
    },
    "morphTargets":[],
    "vertices":[-10,4.37114e-07,10,10,4.37114e-07,10,-10,-4.37114e-07,-10,10,-4.37114e-07,-10,2,-8.74228e-08,-2,2,0,0,-1.19209e-07,-7.8162e-15,-1.78814e-07,3.57628e-07,-8.74228e-08,-2,2,2,-2,2,2,5.08624e-07,-3.57628e-07,2,-4.45051e-07,5.96046e-08,2,-2],
    "normals":[0,1,-4.37114e-08,0,-1,4.37114e-08,1.95399e-14,1,-5.96046e-08,1,5.96046e-08,2.98023e-07,-2.83122e-07,-6.05968e-08,1,-1,-1.3411e-07,-2.23517e-07,2.08616e-07,2.08616e-07,-1],
    "faces":[33,0,1,3,2,0,0,0,0,33,4,5,6,7,1,1,1,1,33,8,11,10,9,2,2,2,2,33,4,8,9,5,3,3,3,3,33,5,9,10,6,4,4,4,4,33,6,10,11,7,5,5,5,5,33,8,4,7,11,6,6,6,6]
}